umap_neighbors,umap_components,min_cluster_size,min_samples,n_clusters,noise_ratio,silhouette,dbcv
50,10,100,1,16,0.20120378331900257,0.4049830905166827,-0.08710491781291421
50,10,100,3,12,0.21591669055125634,0.43407973549983714,0.016136926508925183
50,10,100,5,16,0.31986242476354254,0.5123796467198476,0.10576278285001928
50,10,150,1,13,0.26855832616795644,0.3803793713488089,-0.11499481248011464
50,10,150,3,9,0.24887742428585077,0.49260374622473846,-0.0014597306222768405
50,10,150,5,10,0.33887455813509126,0.5403313058409276,0.06892881352582372
50,10,200,1,8,0.2297697525556511,0.40666645044647687,-0.10710464176515708
50,10,200,3,8,0.2644501767459635,0.502993313168893,-0.004527362286605219
50,10,200,5,10,0.33887455813509126,0.5403313058409276,0.06892881352582372
50,15,100,1,17,0.23941912677940194,0.41596302513182737,-0.022164359080778143
50,15,100,3,17,0.3061049011177988,0.42703576246309705,0.03565587945076705
50,15,100,5,17,0.353205311932741,0.5507337414740832,0.1119372600967703
50,15,150,1,13,0.28451323206267315,0.4173506363372443,-0.04570948191432389
50,15,150,3,12,0.3296073373459444,0.44098032715300955,0.0014534098920568053
50,15,150,5,13,0.3790006687685106,0.5556726388456393,0.0850488348475735
50,15,200,1,10,0.3104041272570937,0.4440159224646983,-0.061452981202070156
50,15,200,3,8,0.294449221362377,0.4100905565811736,-0.07938302163872224
50,15,200,5,10,0.38664373746059044,0.5446686915389461,0.09330161009373981
50,20,100,1,18,0.25833572179229963,0.4197952820369039,0.010224387915552843
50,20,100,3,18,0.30906659023597977,0.514853117490021,0.0728580770314505
50,20,100,5,13,0.3227285755230725,0.30359649641687014,0.10250837973071728
50,20,150,1,12,0.2766790866532913,0.4953938163450391,-0.005325032196158833
50,20,150,3,10,0.2882392280500621,0.4986186216410941,0.039641053113473615
50,20,150,5,11,0.32712334002101845,0.30650365581191436,0.08143334018135509
50,20,200,1,10,0.30963982038788573,0.5185642215308502,-0.008681422603887927
50,20,200,3,9,0.30295213528231585,0.5071406186613587,0.03342981923208138
50,20,200,5,7,0.27983185248877424,0.30560372246229417,0.053639693677568705
100,10,100,1,14,0.25374988057705167,0.41532275611933717,-0.11520754608082692
100,10,100,3,13,0.32091334670870353,0.5155605278933861,0.03834370957730932
100,10,100,5,13,0.28613738415974016,0.5027146387946261,0.07293487239927529
100,10,150,1,12,0.3195758096875896,0.5374792854921898,-0.061438731241459765
100,10,150,3,11,0.34279163083978215,0.545558548561271,0.03190232574750843
100,10,150,5,11,0.35654915448552593,0.5614322452624626,0.04832979843236046
100,10,200,1,10,0.350530237890513,0.5525850495088628,-0.06654280619499128
100,10,200,3,10,0.3584599216585459,0.5523856192291633,0.02702850916797271
100,10,200,5,9,0.33610394573421226,0.5330547818783669,0.04937756710608022
100,15,100,1,15,0.3045762873793828,0.47220884219135606,0.01992245582976955
100,15,100,3,12,0.31661412056940863,0.41853523843374724,0.16900633871235082
100,15,100,5,14,0.3377280978312793,0.5236048096224906,0.13961685610256963
100,15,150,1,10,0.31995796312219354,0.5295356546728606,-0.03625017622988568
100,15,150,3,10,0.3748925193465176,0.46317842744684157,0.19417507464125833
100,15,150,5,10,0.3829177414732015,0.5525913717233428,0.11784639608991138
100,15,200,1,10,0.31995796312219354,0.5295356546728606,-0.03625017622988568
100,15,200,3,9,0.353205311932741,0.4433229150976358,0.15531853720885183
100,15,200,5,10,0.3829177414732015,0.5525913717233428,0.11784639608991138
100,20,100,1,17,0.30772905321486577,0.4035594480967578,0.15957964112609282
100,20,100,3,13,0.2897678417884781,0.4282531573037743,0.07747922876636251
100,20,100,5,12,0.2988439858603229,0.4467573221973376,0.2145193283547401
100,20,150,1,11,0.3284608770421324,0.43010381792154745,0.17698129909055402
100,20,150,3,10,0.3480462405655871,0.4534684987811741,0.13362151009520798
100,20,150,5,9,0.33199579631221937,0.4484698554800064,0.19555511797468858
100,20,200,1,10,0.31346135473392567,0.4536370872531615,0.09664353483901873
100,20,200,3,10,0.3480462405655871,0.4534684987811741,0.13362151009520798
100,20,200,5,9,0.33199579631221937,0.4484698554800064,0.19555511797468858
150,10,100,1,16,0.25575618610872264,0.47654373796883504,-0.1516093675670233
150,10,100,3,14,0.3113595108436037,0.5143712031762974,-0.08435764140054448
150,10,100,5,16,0.34422470621954715,0.5161134863413862,0.04763695968229851
150,10,150,1,12,0.27906754561956626,0.5017327307751989,-0.1747225737461743
150,10,150,3,11,0.32616795643450847,0.5422493633184259,-0.1129128111415557
150,10,150,5,11,0.3404031718735072,0.5415854413259762,0.014922074955887236
150,10,200,1,10,0.28594630744243815,0.5238396408275034,-0.19433319249200023
150,10,200,3,10,0.3415496321773192,0.5444582225793481,-0.11707424035788001
150,10,200,5,10,0.354925002388459,0.5418462758138999,0.007622067552446736
150,15,100,1,16,0.2710423234928824,0.47254232765395826,-0.05661560887541052
150,15,100,3,15,0.293302761058565,0.39685223257798485,0.03274260172761973
150,15,100,5,15,0.3335244100506353,0.4218948523624491,0.0912819934248261
150,15,150,1,13,0.30534059424859084,0.5079364582259763,-0.048087767043428986
150,15,150,3,10,0.3341931785611923,0.44473011445519633,0.05649353884925633
150,15,150,5,10,0.3645743766122098,0.43894607125939883,0.07060304360960191
150,15,200,1,10,0.31097735740899973,0.529194497599572,-0.06533571936338436
150,15,200,3,9,0.34861947071749305,0.4426839008890492,0.05107714084317941
150,15,200,5,10,0.3645743766122098,0.43894607125939883,0.07060304360960191
150,20,100,1,15,0.32253749880577054,0.42057286291391066,-0.009914399817941512
150,20,100,3,13,0.3179516575905226,0.4400513280846718,0.054953338421937545
150,20,100,5,13,0.33801471290723223,0.4390901450917299,0.10328986221714614
150,20,150,1,11,0.30190121333715486,0.44981552762603705,-0.05221452025821957
150,20,150,3,11,0.3164230438521066,0.45252896360406253,0.0384191806664939
150,20,150,5,10,0.34976593102130504,0.4572166788469537,0.0791251427725709
150,20,200,1,10,0.3172828890799656,0.4476626439344207,-0.058532437892255054
150,20,200,3,10,0.3312314894430114,0.4504821801045173,0.03163104162856765
150,20,200,5,10,0.34976593102130504,0.4572166788469537,0.0791251427725709
