channel_title,flesch_reading_ease_capped,flesch_kincaid_grade_capped,ttr,engagement_rate,views_norm,reaction_norm,forward_norm
DSCS.pro,32.651,9.771,0.82,0.1,0.413,0.088,0.012
Точка машинного зрения,23.242,11.437,0.804,0.033,0.267,0.02,0.013
Сколтех,21.582,11.548,0.84,0.021,0.283,0.013,0.008
База знаний AI,33.248,9.111,0.787,0.019,0.19,0.009,0.01
Сиолошная,56.279,8.034,0.807,0.018,0.382,0.01,0.008
NN,63.575,4.136,0.911,0.016,0.096,0.007,0.009
Что там в СПбГУ,30.741,9.117,0.902,0.014,0.318,0.01,0.005
Яндекс Образование,46.863,6.651,0.867,0.014,0.325,0.007,0.007
Код Дурова,51.651,6.368,0.914,0.011,0.112,0.007,0.004
Т-Образование,44.535,7.658,0.856,0.011,0.359,0.004,0.007
