pca_dim,k,silhouette,calinski_harabasz,davies_bouldin,dunn,gap,wss
50.0,5,0.05431121960282326,873.5599974584502,2.9747101837734857,0.18438314061397992,2.8949346999269236,2315.687744140625
50.0,6,0.053487952798604965,783.0879231972053,3.1732279736607567,0.1939771497738422,2.9189162039688874,2247.7900390625
50.0,7,0.04940866678953171,697.2862731146461,3.1371770586341574,0.1939771497738422,2.932876765897057,2206.550537109375
50.0,8,0.05016333982348442,625.3823314682537,3.188906051114569,0.19968705954054977,2.940925264685424,2177.644775390625
50.0,9,0.05015414580702782,561.3065370024298,3.1884980649624177,0.19885664635420827,2.9453214557881537,2161.15380859375
50.0,10,0.03750244155526161,519.8262759328342,3.3161047631590392,0.1638124798930234,2.953929390812415,2134.251708984375
50.0,11,0.03990407660603523,483.06708680639895,3.3183403188895984,0.1627768764328032,2.9579957299427697,2112.935302734375
50.0,12,0.04046139493584633,452.74646692378394,3.2809163751734425,0.19740575064969731,2.9659777377065177,2092.4013671875
50.0,13,0.0392991304397583,426.3030198060349,3.3423899024608796,0.19740575064969731,2.9712796207122274,2074.137939453125
50.0,14,0.03748798370361328,403.12200132805543,3.4110398846748033,0.12465816673830972,2.976580253609435,2057.5595703125
50.0,15,0.03817582130432129,382.21518699260406,3.366553378716,0.12247434574442881,2.981271872674764,2043.11669921875
50.0,16,0.039143823087215424,365.4402977850315,3.285607865729875,0.12465816673830972,2.986250152568373,2026.303955078125
50.0,17,0.03963468223810196,347.4066921474457,3.276325759421279,0.12465816673830972,2.988477455160929,2016.5030517578125
50.0,18,0.03969990462064743,334.4527073844839,3.307794660556069,0.12590244528452507,2.9947727443326206,2000.540771484375
50.0,19,0.040070902556180954,318.48863707822704,3.288923707776425,0.18192962407454727,2.994166727811959,1994.649658203125
50.0,20,0.040959667414426804,304.8038466459721,3.27068974407175,0.18811940660553084,2.996119936877564,1987.3992919921875
100.0,5,0.030301176011562347,706.4961033056584,3.8436769925387835,0.2099614545652422,3.3786097187528226,2912.34326171875
100.0,6,0.025735067203640938,605.5902622601579,3.7700356021472246,0.19787193694410166,3.3904365277654405,2868.677734375
100.0,7,0.032172951847314835,549.0837769442952,3.5217572170021576,0.19787193694410166,3.407280782483607,2813.025146484375
100.0,8,0.03356648609042168,491.5153900611241,3.5838751801617343,0.20035817744140424,3.415052228330728,2783.39306640625
100.0,9,0.033887770026922226,440.3995771899236,3.613520438589202,0.19865466351162867,3.418749578019672,2766.88525390625
100.0,10,0.03276974335312843,402.4921105761274,3.7115570862015828,0.19865466351162867,3.42352820094625,2747.3173828125
100.0,11,0.02174360863864422,376.0217899545821,3.8322802387184556,0.15398992473732206,3.432141178208373,2720.623291015625
100.0,12,0.031760621815919876,347.6469644175749,3.7629849888475646,0.17602796041303634,3.434699903630185,2708.380126953125
100.0,13,0.02298256754875183,330.1282969096124,3.821417311092264,0.12556154929037308,3.4421467425106584,2682.4921875
100.0,14,0.022706497460603714,311.1236476610477,3.8419430921400974,0.12556154929037308,3.4469328494143046,2667.0517578125
100.0,15,0.024342507123947144,296.83739190177903,3.6921296771981504,0.12678006105232456,3.4530469719715127,2646.69384765625
100.0,16,0.024091320112347603,283.91281496308494,3.6329746251416353,0.17523662106587967,3.4581908278472797,2628.094970703125
100.0,17,0.02165624313056469,266.5245497450016,3.8177110696646746,0.12168287428116811,3.457314543593495,2627.004638671875
100.0,18,0.02310745045542717,257.81569530959405,3.7135994613388457,0.12286374545054791,3.463699106049668,2605.950927734375
100.0,19,0.022881170734763145,247.5692712996718,3.688490816043108,0.12286374545054791,3.4678006378674606,2593.04296875
100.0,20,0.022049814462661743,238.93308007848242,3.738057037809291,0.12286374545054791,3.4729308150384766,2578.526611328125
200.0,5,0.021871214732527733,616.4925970485997,4.114958750794357,0.21114815132097478,3.9437429219765594,3341.390869140625
200.0,6,0.01703188195824623,527.5516663300962,3.994599599312093,0.20460761240944209,3.955209442870668,3297.50732421875
200.0,7,0.01629973016679287,455.24541473719216,4.231235134246703,0.20460761240944209,3.9608827083394136,3274.01953125
200.0,8,0.024328749626874924,426.68340872200355,3.8439052295071665,0.20388340644640562,3.9788019628954228,3211.7880859375
200.0,9,0.023375099524855614,383.5369207982023,3.8997260064584265,0.2035396863203302,3.9837827821267933,3192.365966796875
200.0,10,0.014080207794904709,353.8320594397618,3.883585021362024,0.1541280327912111,3.990836983630146,3165.10546875
200.0,11,0.012509213760495186,327.1794940449507,3.9654864758855526,0.20897100640537603,3.99621824355836,3144.90576171875
200.0,12,0.012363259680569172,303.82376327037616,4.040635846832168,0.19313063861058402,4.000112611739214,3128.81787109375
200.0,13,0.012952229008078575,287.6300231128019,4.036857117610578,0.12339785473042103,4.0074138426560495,3104.10791015625
200.0,14,0.01280881091952324,271.6558132441395,4.021947673534032,0.12339785473042103,4.012239814405847,3086.28564453125
200.0,15,0.012637936510145664,258.2118984183715,4.051232258763185,0.12339785473042103,4.017215258648905,3067.90380859375
200.0,16,0.013051451183855534,242.84957813254508,4.023532179100421,0.12339785473042103,4.018374431501382,3061.78125
200.0,17,0.013007227331399918,231.31826078693126,4.0302355083062045,0.1236062382990123,4.021690918915262,3049.08251953125
200.0,18,0.012289990670979023,221.06009422552643,3.9825602392742514,0.15666881287099055,4.025223320659215,3036.7880859375
200.0,19,0.012310235761106014,212.17907496037657,4.008507734491774,0.15666881287099055,4.0286229681253385,3023.684814453125
200.0,20,0.012290450744330883,203.72951137561753,4.051846424835969,0.154388310812763,4.031810378605531,3012.7021484375
,5,0.014055593870580196,574.6117076753294,3.864052608138434,0.2089646292829941,4.552719958595141,3506.830078125
,6,0.02443978190422058,514.9409447770948,3.8991721679765896,0.20383543353300396,4.572695783173318,3432.45458984375
,7,0.02014603279531002,456.4716874323108,3.839725084470082,0.21063418170939835,4.5847509200605625,3389.70751953125
,8,0.021179497241973877,408.008887127556,3.924298906378537,0.20399035251296005,4.592908900527695,3359.797119140625
,9,0.018174029886722565,367.9812471794705,4.179246369355326,0.17593690744465734,4.598706589506795,3337.719970703125
,10,0.009885614737868309,338.3331919549543,4.173209266812112,0.1534954062155084,4.605066123611916,3312.64599609375
,11,0.009157277643680573,313.048169150621,4.3155075933894835,0.1534954062155084,4.611074096022277,3291.73291015625
,12,0.0091321412473917,291.28242215574875,4.420587052443548,0.12364932432255606,4.615863547204162,3273.917236328125
,13,0.009494946338236332,275.18837281407707,4.141056200796192,0.17360102357143997,4.622785698426249,3250.484375
,14,0.009577697142958641,258.79528325211373,4.117181900194358,0.12404322199418219,4.626602744736626,3235.806884765625
,15,0.010422090999782085,245.10080680934013,4.15674991633902,0.20464018481353488,4.630770948463477,3220.097900390625
,16,0.0100774597376585,233.53499638081877,4.128198500605132,0.20160628106314685,4.635319278956166,3203.498291015625
,17,0.009784537367522717,220.7630410776456,4.247624086728246,0.12404322199418219,4.637215171578967,3196.73388671875
,18,0.01054508239030838,212.0207567682845,4.153043006139956,0.12404322199418219,4.64205026627789,3180.247314453125
,19,0.010088367387652397,204.24716509353485,4.068796731007231,0.12404322199418219,4.6464567160695935,3163.935302734375
,20,0.010224874131381512,195.28477500726882,4.119295185464891,0.12404322199418219,4.6487557040391145,3156.2685546875
