topic,engagement_rate,views_norm,reaction_norm,forward_norm,n_posts
Наука и ИИ,0.02956803688487218,0.26486562239170464,0.02014856846430704,0.009369665701055333,1301
Новости,0.022391575442084984,0.20666156672192293,0.014439880050850855,0.007915031163954207,912
Университет,0.021186928451533707,0.3277220501550656,0.01612623338968527,0.00503547314466381,698
IT-образование,0.021007679986762777,0.327283271796799,0.011612123351200286,0.00936887688193954,862
Тренды ИИ,0.019698612733997957,0.2753944011720492,0.01187626023227246,0.007805597851184606,863
Интерактив,0.018118108363123678,0.24347660941344654,0.012274362733020277,0.005829970421582097,650
ИИ-инструменты,0.01667405287837313,0.12247853905185456,0.005520994009594252,0.011149733159953008,779
Регулирование,0.01647150656031188,0.11348804116398048,0.010762629950324763,0.005705898539115927,664
Кино и YouTube,0.016177483733482476,0.12144093789414341,0.007542621767681393,0.00863234989879631,236
Кибербезопасность,0.015675600723416568,0.1309093242244,0.009701852285775204,0.005964876163689133,523
Авто,0.015137536227137717,0.12758216348953147,0.008462842623399126,0.006672747211691485,487
Telegram,0.013947270127968073,0.12274315600826523,0.00865973699561819,0.005286309135753171,564
Игры,0.013482929375902347,0.1198742770970873,0.006571215140415103,0.006911470710633013,381
Финансы,0.012860027652438242,0.11710051446181022,0.00758701634963676,0.005272312253714014,596
Apple,0.008861411424091054,0.11200008838016111,0.00525842943898483,0.003602792095817038,904
