topic,positive_count_norm,neutral_count_norm,negative_count_norm,surprise_count_norm
Apple,0.004,0.0006,0.0004,0.0005
IT-образование,0.0091,0.0013,0.0002,0.0
Telegram,0.0052,0.0007,0.0016,0.0006
Авто,0.0059,0.0005,0.0004,0.0007
ИИ-инструменты,0.0042,0.0008,0.0002,0.0003
Игры,0.0052,0.0005,0.0004,0.0006
Интерактив,0.0084,0.0013,0.0006,0.0003
Наука и ИИ,0.0179,0.0011,0.0002,0.0
Новости,0.0081,0.0016,0.0004,0.0006
Регулирование,0.0054,0.0007,0.0033,0.0011
Тренды ИИ,0.009,0.0014,0.0012,0.0006
Университет,0.0146,0.0008,0.0,0.0
Финансы,0.0051,0.0006,0.0005,0.0009
