topic,positive_count_norm,neutral_count_norm,negative_count_norm,surprise_count_norm,n_posts
Apple,0.00376,0.00057,0.00048,0.00045,904
IT-образование,0.01031,0.00126,0.00014,5e-05,862
Telegram,0.00538,0.00079,0.00192,0.00061,564
Авто,0.00639,0.00057,0.00045,0.00122,487
ИИ-инструменты,0.00429,0.00084,0.00018,0.00027,779
Игры,0.00501,0.00052,0.00047,0.00065,381
Интерактив,0.0111,0.00094,0.00042,0.00035,650
Кибербезопасность,0.00595,0.00142,0.0013,0.00107,523
Кино и YouTube,0.00626,0.00058,0.00035,0.00045,236
Наука и ИИ,0.0188,0.00131,0.00018,0.00011,1301
Новости,0.01148,0.00237,0.00037,0.0003,912
Регулирование,0.00573,0.00072,0.00329,0.00102,664
Тренды ИИ,0.00931,0.00169,0.00085,0.00058,863
Университет,0.01614,0.00066,3e-05,1e-05,698
Финансы,0.0051,0.00067,0.00076,0.0011,596
