min_cluster_size,min_samples,n_clusters,noise_ratio,silhouette,dbcv
10,1,66,0.6270182478265024,0.24261304307621803,0.018572715492670432
10,2,54,0.6727811216203305,0.29243831731728964,0.03959952850748072
10,5,38,0.7210279927390847,0.36263971131766753,0.048836446495934
10,10,32,0.7287665997898156,0.3722073561468941,0.05482716809683892
20,1,39,0.6225279449699054,0.2684318276996486,0.021479427265605915
20,2,36,0.6687685105569886,0.3091932591334238,0.03274766165982493
20,5,28,0.7117607719499379,0.374826051763788,0.0544588673631402
20,10,3,0.2303429827075571,0.06353659448963833,-0.04361163290444583
30,1,30,0.6218591764593484,0.27727310178846937,0.02054639322112644
30,2,27,0.6747874271520016,0.32407430696447737,0.03504466419942727
30,5,3,0.19499379000668768,0.06202844256578801,-0.07871663018722899
30,10,3,0.2303429827075571,0.06353659448963833,-0.04361163290444583
50,1,23,0.6425910002866151,0.2935558500685627,0.02079806530034491
50,2,4,0.34298270755708415,0.0742486992365182,-0.09026100568326695
50,5,2,0.19489825164803667,0.08044326963333952,-0.08029568541056524
50,10,2,0.2178274577242763,0.08257942573609449,0.07110797935334005
80,1,3,0.2884303047673641,0.0911676829269598,-0.10557661665717968
80,2,3,0.34967039266265404,0.09542986195518284,-0.0919596450095686
80,5,2,0.19489825164803667,0.08044326963333952,-0.08029568541056524
80,10,2,0.2178274577242763,0.08257942573609449,0.07110797935334005
100,1,3,0.2884303047673641,0.0911676829269598,-0.10557661665717968
100,2,3,0.34967039266265404,0.09542986195518284,-0.0919596450095686
100,5,2,0.19489825164803667,0.08044326963333952,-0.08029568541056524
100,10,2,0.2178274577242763,0.08257942573609449,0.07110797935334005
150,1,2,0.30161459826120185,0.0871118325423775,-0.10666856803110543
150,2,2,0.36228145600458583,0.08987019432046298,-0.09508573802811002
150,5,6,0.5648227763447023,0.152412716336883,-0.012566763772150852
150,10,6,0.6008407375561288,0.15802411287214047,0.06278806547647497
