k,silhouette,calinski_harabasz,davies_bouldin,dunn,gap,wss
5,0.05745357763216151,420.68439402976713,3.768720210473833,0.10459359510237222,1.719283057480455,7505.167832822528
6,0.0685376620331833,394.12321214074217,3.5368652421109217,0.10521284992010496,1.737002660532541,7331.273336661692
7,0.07236896549215127,391.9864554631968,3.053144187004392,0.1047182461855709,1.7618113150578996,7112.9746892044195
8,0.07173750895811533,377.53791586794335,3.2393056948611747,0.10497674612842373,1.7792751527093085,6954.953237008115
9,0.0800960311807607,373.3839693807638,3.0989921761069894,0.10497674612842373,1.8013653828111664,6776.715713309143
10,0.08337247525043895,353.0327106670796,3.1334005103885154,0.10511232546618203,1.8113362398494246,6682.02651814435
11,0.09149509688102038,345.9755852658491,2.990388972170009,0.10565118761996846,1.82841051252489,6546.249111878064
12,0.08803555537545427,330.375676950254,2.9576632343295777,0.11370713019806371,1.8376822889175202,6465.074582772083
13,0.10020997519257392,340.1969379464693,2.7838495612382888,0.10497674612842373,1.8661707376871721,6265.568502534271
14,0.10850990649414041,336.0821274653281,2.6971311806564016,0.10721192569729508,1.8827253484747715,6144.208051306998
15,0.10996316650893356,327.5047063664442,2.6494866147467624,0.10496566873123582,1.8947430543818644,6055.779484385848
16,0.11406095365483278,322.1067178122484,2.61815507399913,0.1129693402376258,1.9073573761704044,5957.916953313968
17,0.10991867953446764,310.08408279123034,2.571767805211557,0.1176219171472171,1.9136436742652165,5907.582465565866
18,0.11459018620539249,306.7017424672853,2.4974523209115054,0.11645293528258967,1.927774551508751,5812.132235663881
19,0.10887366342859253,294.1936361905504,2.48909618598246,0.08120207145273915,1.9287450333993768,5781.839486735824
20,0.11191547134609593,290.2295570281678,2.4486022352830425,0.11319817795619025,1.942071329880994,5702.370254998213
